{
    "objet1": {
        "aire": 3563,
        "couleur": "orange",
        "cx": 370.0659556553466,
        "cy": 569.1164748807184,
        "distX": -269,
        "distY": 209,
        "forme": "balle",
        "hauteur": 68,
        "largeur": 76,
        "x": 330,
        "y": 539
    },
    "objet2": {
        "aire": 5914,
        "couleur": "vert",
        "cx": 254.79083530605342,
        "cy": 592.5546161650321,
        "distX": -385,
        "distY": 232,
        "forme": "balle",
        "hauteur": 74,
        "largeur": 86,
        "x": 212,
        "y": 555
    }
}