{
    "objet1": {
        "aire": 11620,
        "couleur": "vert",
        "cx": 724.5527538726334,
        "cy": 311.4751290877797,
        "distX": 84,
        "distY": -48,
        "forme": "balle",
        "hauteur": 124,
        "largeur": 122,
        "x": 664,
        "y": 250
    }
}