{
    "objet1": {
        "aire": 16510,
        "couleur": "vert",
        "cx": 157.89854633555422,
        "cy": 315.4016353725015,
        "distX": -269,
        "distY": 75,
        "forme": "balle",
        "hauteur": 148,
        "largeur": 150,
        "x": 83,
        "y": 243
    }
}